filename,label
APT33_NETWIRE_3647bace25f94430a534aba8aba08a731571ab2ab22f95ac209096e2c32ef81c.exe.opcode,APT33
GALLIUM_PlugX_2b272783b62f6d3fc5838d7870161779efad88f1992b2c72c8172863ee6e5003.exe.opcode,GALLIUM
Evilnum_EVILNUM_83a21a86c71e9d4f27c6f5877bc7390dc286212164d22adc2f5432729b5e2535.exe.opcode,Evilnum
Cobalt Group_Cobalt Strike_19a043e5268b1c33c65687a96b34af05f230207881ca1b0ae71fe079d9f41778.exe.opcode,Cobalt Group
FIN7_REvil_3b5e260a1db66a360c9e4c210fbccdb1aa197bffa4fd6344fff9ca9d21559566.exe.opcode,FIN7
Patchwork_QuasarRAT_ce54308e4ba6119f23d6e430e936d1f7dc5f8156c61003e05883c7adbf94e9d9.exe.opcode,Patchwork
Cobalt Group_Cobalt Strike_7803d96a4a965ba34fbfd475ee374820273b5acc88476115c1555774981e307a.exe.opcode,Cobalt Group
GALLIUM_PlugX_10fad831ae80bf33bb0670c03d9d9b35144d831ca0eca23bd031350b7100b2b7.exe.opcode,GALLIUM
GALLIUM_cmd_930328b4d0e869b7d6eec8b250366523258c33c121a8515d3a78fe8d6c8c9fc1.exe.opcode,GALLIUM
GALLIUM_PlugX_47cff821e9ed2b8ea5aa90be4b8f633253fa79ec0a012841f209fd53b826248d.exe.opcode,GALLIUM
GALLIUM_cmd_363755d7a78e52ae1314c7c4a485048269a9680e93bc4cb82098ca6139bfd912.exe.opcode,GALLIUM
GALLIUM_PlugX_04ae93051aadcda1d209d852bbe734b0b667c847ce1fed75ca374584f88d3b71.exe.opcode,GALLIUM
Cobalt Group_Mimikatz_17f3d323bb4a5556a9f07be49e3bbec6c3b97d655ff52a50261f054d7c4f558b.exe.opcode,Cobalt Group
FIN7_REvil_75fafe3d3519a16ec537108780cab1d2c3f37bc297b494f49ebf544f3f356f72.exe.opcode,FIN7
Blue Mockingbird_FRP_625bef9c38349fbd11a098056228437b796ca73e28d70b2410498b15610516b3.exe.opcode,Blue Mockingbird
GALLIUM_cmd_a2c7d9292c12cdc454cfbfd6dfbee89dae1a347795f0df591250e0db18e43468.exe.opcode,GALLIUM
Cobalt Group_Cobalt Strike_bd15ade63272b384cbfd1cdbbb7d2e8bbff272fec19bfb61f52f24938415e314.exe.opcode,Cobalt Group
FIN7_REvil_42438a67636a6981b4e3209449040f6b393f10fe0636dfca2260fc0f4271e135.exe.opcode,FIN7
GALLIUM_PlugX_769863ec7ba1e28a77c7cc0bda19bb79e6869cae63ecdfab97c669fc40348a0c.exe.opcode,GALLIUM
Blue Mockingbird_FRP_0fb6928de0ac0d4860ae12261140b44d76577e168a9e0fdc0421d8a590f38eaa.exe.opcode,Blue Mockingbird
GALLIUM_PlugX_538ec2808067fdc60c89b2ed05d2925262ca75261966e5e7ef02ad4f11d6a1b4.exe.opcode,GALLIUM
GALLIUM_PlugX_1020204e6391e925a416d3887430d76f8902d7d4a2b8ee4fbc6c4c9c07d32c80.exe.opcode,GALLIUM
GALLIUM_PlugX_6e6bfcbc22644d060670718dea2c5a7d860edc55cf8bd6100e277e53a8b0fc92.exe.opcode,GALLIUM
Cobalt Group_Cobalt Strike_600384ff7d1b6da03623d3ad1dd37b925105884c225fba04ec6a43bcdfdad155.exe.opcode,Cobalt Group
GALLIUM_PlugX_b8100c03b15d248c12fd11e9cc3d2a7f262d573bd963148f978a674d8a8860a0.exe.opcode,GALLIUM
Cobalt Group_Cobalt Strike_cea1893b1ebab59514b253865a84b91eb7b26a3f199f3c6dd53e02911df44340.exe.opcode,Cobalt Group
Cobalt Group_Cobalt Strike_a1fb217aee3abcfbd17207f4a87f32214a42fc833e1474331af220f5e4cd19b9.exe.opcode,Cobalt Group
GALLIUM_PlugX_ce7d28da17a4559d2e3e764b4ab9dff8f0562637de1e36b1b2e444ba1e51595e.exe.opcode,GALLIUM
Cobalt Group_Cobalt Strike_1490105c73976217f35fe31d65939d1d9711d370c61f3d7d892afbb07eaaec63.exe.opcode,Cobalt Group
Blue Mockingbird_FRP_40f051ea4327b1ccd142987fd794b0210e17a343147b6f6d99cdd605ff47a23f.exe.opcode,Blue Mockingbird
BRONZE BUTLER_cmd_3174e8d8ef60806faa8b1e19a54ad0d89912ad75bbe63af481c5007af6fe1ea0.exe.opcode,BRONZE BUTLER
GALLIUM_PlugX_be3c9de05321cbf03966614e0b0aeb46423722b9ae30d5eb766a2786d18f5b59.exe.opcode,GALLIUM
APT33_NanoCore_a317bcadef76feec57223d92244a322eb4409990808a7bab96cc929fbc4a7164.exe.opcode,APT33
GALLIUM_PlugX_80deed939a520696968335d1bb2a9fcce7053c0156f679ba261824d0a2d44967.exe.opcode,GALLIUM
GALLIUM_PlugX_209b2deb147d221c4ce7e5f5379dacea323543148cfb094807fd50d5ef22ab3d.exe.opcode,GALLIUM
APT33_NETWIRE_1ed8cb502d5dd2c3d8b932309b41ff1e3c5c3490c03dd59a8d1f41311419ea0c.exe.opcode,APT33
GALLIUM_PlugX_7385db1b816e2fa092fd57de96ee8155c5f37c8dd30be7b148817bc4fdd53b52.exe.opcode,GALLIUM
Patchwork_QuasarRAT_cfd7fa8f2578198fa2aab263ae3087774a557a065f3e36c0a05be900a062b221.exe.opcode,Patchwork
APT33_NanoCore_ce3ae4549b58a5304de4c262ac272aa5da715b63edd796de299c861330a4a8d6.exe.opcode,APT33
APT33_NETWIRE_09355d5564e1cdd59ac0285e586ba2b0e2c7b4c5c9efa17cb8fb1fc4b8c3c19a.exe.opcode,APT33
Patchwork_QuasarRAT_1528a6080656c5a8cf440d976047d7fa31e93e483c10142f416108f211145ff0.exe.opcode,Patchwork
Evilnum_EVILNUM_622070f03ea5a66037c38715ecce1ca6351148ab56ce6423fdafc13b383a4878.exe.opcode,Evilnum
Patchwork_QuasarRAT_3a4a38ed839a1f73825b8456fc1efa73a65a7af25ba3513472d05cfac5ecef78.exe.opcode,Patchwork
Evilnum_EVILNUM_6268fb65bb438f3574d4e4c82988071d3dfe3951177c8db5901c405e1a729b5c.exe.opcode,Evilnum
APT33_NanoCore_8ebd2e57f1a64a6d1251ccdc21eddc4dc7afe05385dbf7123bb5e291d94437c2.exe.opcode,APT33
Patchwork_QuasarRAT_2787d416bf228915debc5d9c9e058cc246f8da7217c706d8a1fe0cb788a9155b.exe.opcode,Patchwork
Cobalt Group_Mimikatz_92ad1b7965d65bfef751cf6e4e8ad4837699165626e25131409d4134f031a497.exe.opcode,Cobalt Group
FIN7_Carbanak_1627864360a89600e3af3ed18127844331999de65909cd1ef8af371c10c1eec4.exe.opcode,FIN7
Cobalt Group_Cobalt Strike_66055934b163379c3ac488cfbcedc30387108193a2f283a6589b846b9041bc61.exe.opcode,Cobalt Group
APT33_NanoCore_058e2c02b8cfb93b480ea8cfac08e967b39631a579256ebee27fb7472194c1ea.exe.opcode,APT33
Evilnum_EVILNUM_79e7a69b5d57d4ae5312dae8ffb6615d41fec9d38fa7cbf0bb37082881cc4fb2.exe.opcode,Evilnum
APT33_NETWIRE_0bcaaad38d8ff5881dae662a481b5f64bfeb71a40bf27d61a35889e7667ce44a.exe.opcode,APT33
GALLIUM_cmd_5202d7287ca941b6d0951dd9fa84d721492fc30116bf90349a792ed22a06d7e6.exe.opcode,GALLIUM
FIN7_REvil_6e57810c41f253c8725d738cc83e703c1defaa1c2477314165d12bfd81e23417.exe.opcode,FIN7
GALLIUM_PlugX_2b7e4e5758699f924f50615e8fe48e13bf428d7aa1fcbfb2ed4f64a0fd6a8f93.exe.opcode,GALLIUM
APT33_NETWIRE_35aeedd98b2c9479aeab20715ff3a3940095dda9336c2e7497105ceaa3a1ec0c.exe.opcode,APT33
FIN7_REvil_9d3a482d9441876096e0cee429fedf7b9f7e1c6a50b3e4b2009884019627d879.exe.opcode,FIN7
FIN7_REvil_6081e88fe927e60d87da7a0bf1cc748f3c52f951a80dd3e4bd16ceaadc80571a.exe.opcode,FIN7
GALLIUM_PlugX_b75728ac6c25b870cb1b64ac8064ef6228914d4459c83448567822501c268056.exe.opcode,GALLIUM
Cobalt Group_Mimikatz_5ea61a39ffd3f7b295a5dbb84f1d7dff63bf7b72e0c072ea15f0ac0e434012f4.exe.opcode,Cobalt Group
GALLIUM_PlugX_196ba5817f44873c28f68d6faa0d4adfdd5ef1af80be37642eb9cc1cbf22eea7.exe.opcode,GALLIUM
GALLIUM_PlugX_2fe283b6803f013fb6c66186a160583992223bf69b10efd6fcea16883c46e8b9.exe.opcode,GALLIUM
Cobalt Group_Cobalt Strike_593d037e9fd467ebe80cb0ff28d22be2dbc0fdaad4d626ee2ad30707d8ea23da.exe.opcode,Cobalt Group
Cobalt Group_Cobalt Strike_118ed2b8b1f173f80cf2efd988170d78b876e0af02a10868b4d61aa01bedf1d3.exe.opcode,Cobalt Group
APT33_NanoCore_9a32df235b0a6dd55cce4b65a798830e32110264a8e09d578714c0c7389fe7e1.exe.opcode,APT33
Cobalt Group_Cobalt Strike_35e5460c102ca2f996d61d70d6bb06fb87014f7d2beccf35f3812ea534acd9d5.exe.opcode,Cobalt Group
GALLIUM_PlugX_329c511171eeb0cbd9f6fc60e5c55b079298df7609d21d6982dc97e16d45dca7.exe.opcode,GALLIUM
Patchwork_QuasarRAT_720eea739bd033b804b98c0190b06d864dd61053aab14cb19d1c56d390686313.exe.opcode,Patchwork
Cobalt Group_Cobalt Strike_5e4365fd2f80dee215bee29d3aeab95088317d09141449faf0d655cc6094cf66.exe.opcode,Cobalt Group
APT33_NETWIRE_0a165add91ed3c12af0e51039d67e5522ac4304a0eae5809ffbf85c957e60306.exe.opcode,APT33
GALLIUM_PlugX_642c17be83f9e9f693990f43a65be25e99e69b245d38da627a3e19e0eb87d79d.exe.opcode,GALLIUM
GALLIUM_PlugX_033c3a372d4d780faa14648c7de93a87d4584afd547609795fb7e9ba370912eb.exe.opcode,GALLIUM
GALLIUM_PlugX_3cab8487c2cb35607ebf331468c07410c2fa474612a6be7417d2daddf1882708.exe.opcode,GALLIUM
GALLIUM_PlugX_0137c08962c82b1f9c496e55e4d9f23700ce274d6cbf1d39b4095aaf128d9595.exe.opcode,GALLIUM
APT33_ftp_04fd7b2d4a88e576168ebc669d15c4507339d5d08722d333663809e4a8c2ebd3.exe.opcode,APT33
GALLIUM_PlugX_2511b43f1dd722b05bb525a7dd4b0397c8c05645b5ee8b1a737b6c7792ec4ea8.exe.opcode,GALLIUM
APT33_NanoCore_1e4d548172c9ed335ba2d27c2476d9bd8751b1a50361fa27b5ebc87b5a21d9fe.exe.opcode,APT33
Cobalt Group_Mimikatz_4585b220fd13925aff301e9ac234ea6edbd25848d437d2a107bc0173e6f9a0b9.exe.opcode,Cobalt Group
Cobalt Group_Cobalt Strike_0c8fd78b49b429955b95d5491ee6e0622ba69d3fcf49aabc5762c0f36795a3b8.exe.opcode,Cobalt Group
APT33_NETWIRE_caee3d5e6fc0673b26429c6521caa57b97693660d9e0cef3b6a746b97c53f550.exe.opcode,APT33
APT33_PowerSploit_29b4af761cd73fd704200ad6b80aa5284048584a3c6e431574397bdbf6096d40.exe.opcode,APT33
Cobalt Group_Cobalt Strike_26b74954ed3e0e81b4f9304e3baa149866320a10f5f6468883c9fa6358a75a6c.exe.opcode,Cobalt Group
Cobalt Group_Cobalt Strike_9bb31ac6d350fec7927ae213adec3f4363b815c7afce36495286a3c281db5412.exe.opcode,Cobalt Group
Patchwork_QuasarRAT_3bee4d2ab33ac3f0605136f09cba556140d62ce9a0c1bdb1639159b43ae58943.exe.opcode,Patchwork
Evilnum_EVILNUM_44f55649e322009b3b7affa89714d96696ba4b31ee9e710878eb59632966958b.exe.opcode,Evilnum
GALLIUM_PlugX_32335d81b73a3a1147aa3db57a702b9dc5ccf9a424e1cb517fbc181e785d9d1a.exe.opcode,GALLIUM
GALLIUM_PlugX_b76f64a5bd6248132874f34cb140a6108242269ff3997f2c7e799e00c8a7b885.exe.opcode,GALLIUM
FIN7_REvil_861e2544ddb9739d79b265aab1e327d11617bc9d9c94bc5b35282c33fcb419bc.exe.opcode,FIN7
GALLIUM_PlugX_4be3b2e8c96fee21db5b263e67cbe3ca2526422dbd78305630f6e28a832787d8.exe.opcode,GALLIUM
GALLIUM_PlugX_7428e38cbeeabc2727ff9ab0f5de52019fa0f03d981ccf60c7b6881fd108b5f7.exe.opcode,GALLIUM
Patchwork_QuasarRAT_457e291dc62946ab2dc1cb558ffca2e90e5ebbd4a27013c5a23930339aedb978.exe.opcode,Patchwork
FIN7_REvil_2e050601b908a29f8c0d113abdb0ed867d6c310b2bb58bf3ce607a9f33338a55.exe.opcode,FIN7
Patchwork_QuasarRAT_17e89140548fc71f7670ea5ee7df6feab0101386b8d087a81056ac6812d77a51.exe.opcode,Patchwork
FIN7_REvil_7789ea5daa745b54c53ccc3ef91589e3583f1c80d0985d74717bcd2be22f859b.exe.opcode,FIN7
GALLIUM_PlugX_8e1f1e34c135c5238a28623d59bbb7324792013c603072087af75ac317c19c4b.exe.opcode,GALLIUM
GALLIUM_cmd_d28be2bafd6104e7a6ba1f29f9fd8aa259b05b09924caa976285238e7ff71677.exe.opcode,GALLIUM
APT41_PlugX_0f202c7495f96d70a51116eb01adbb2ff00db8a16ad5dfcd7d3bb344ff92d0b2.exe.opcode,APT41
Cobalt Group_Mimikatz_1185fffab4b6b38a31e8b1d5e92fa8f50b7b56ce45ca42f841992735c7d15778.exe.opcode,Cobalt Group
GALLIUM_PlugX_6fd88a9e2043277c594370ea25e8bc500257fec6d54bb53ea69c6cf8720742fd.exe.opcode,GALLIUM
FIN7_REvil_c9b04ec734151245774b54df09fc77011d703f4c93c277dbd26b998e7b6db29c.exe.opcode,FIN7
APT33_NETWIRE_5de69c92fae7533c1138668cc12a7265cab882ba72c189b895731ec8269d6512.exe.opcode,APT33
GALLIUM_cmd_7b59387424fab533c46c56bc259e1804ce9a2524fef9158a3ff479d6bf1043ee.exe.opcode,GALLIUM
Patchwork_QuasarRAT_3fef4a4f7dc07057e6a500935782161219440423b7fd02e269e2c8d14c443288.exe.opcode,Patchwork
Cobalt Group_Cobalt Strike_65fa3d35e1a58060f9d2f55897a27bfb7db6a694c81f7c7e150a4df1e353ea99.exe.opcode,Cobalt Group
GALLIUM_PlugX_201435145ac2b240494cdc22e9aa50c564b82e1d5967f5d4997b03f7549aa5ff.exe.opcode,GALLIUM
GALLIUM_PlugX_07934f04d9bfafaa9d4623b208bfe77a9a3aecba50f2c1d6ac868a20771190ea.exe.opcode,GALLIUM
GALLIUM_PlugX_9dc898aaff0c41278c6f1680d6b090dc15952d6d5d5aa2ff8f5fdcae28823f58.exe.opcode,GALLIUM
Cobalt Group_Cobalt Strike_1a5500780fbc4c44bee0f9cbe7f79bd82599b87849f6b3c189dc7d354b0978c1.exe.opcode,Cobalt Group
Patchwork_QuasarRAT_616bbced150df4c538374a032a176e88165f5e95f3fffaeae28ffa68cda552a1.exe.opcode,Patchwork
Patchwork_QuasarRAT_c316b0b818125541a90d7110af8c0908a8d6c73d3b846a27aed647fab6b38e00.exe.opcode,Patchwork
GALLIUM_PlugX_4c10f6de8ff6f81de156ccc636143f25d9cbb9a3e2c105f83e6f5a281b8cf887.exe.opcode,GALLIUM
GALLIUM_cmd_5ed2be2c358988a27a0973273b80c89f3e0cb808b654a2a09b91bcf5a38c46c7.exe.opcode,GALLIUM
FIN7_REvil_6e5f225b72d932fa68cafd3e0366298d5b1b92098049dcf01f6e3f2ad0f9b92e.exe.opcode,FIN7
Cobalt Group_Cobalt Strike_1d1c844dbe07f096650e5da95cc0b9fbcddd21da73917f394c0f3a61edc66c27.exe.opcode,Cobalt Group
GALLIUM_PlugX_2d724ed6f7c75915562f782cd03cc51033845d31d12d5d26419c093d12b5df32.exe.opcode,GALLIUM
Cobalt Group_Cobalt Strike_15f237d42968bb43de74e4a164b511efadd9864f5ee94fadbb8fd207dd59eaa5.exe.opcode,Cobalt Group
FIN7_REvil_0c10cf1b1640c9c845080f460ee69392bfaac981a4407b607e8e30d2ddf903e8.exe.opcode,FIN7
APT33_NETWIRE_8dfa86ab54225a8e1c2027172d71cebf13dfa2e622ac9cc06fe1058b6be3ff20.exe.opcode,APT33
Cobalt Group_Mimikatz_48e8579ed3e10940f1ba02ee612966853a2ad6ca5f79dea32ef7394e7f167aae.exe.opcode,Cobalt Group
GALLIUM_PlugX_c05ec85aa56501ba46ef1d35fb06455e1111e6fd0ce694569f6727c34472d12c.exe.opcode,GALLIUM
Cobalt Group_Cobalt Strike_627abde1ac08188262c07053a41251ca45b1810480bbf76d6e20e80732495e1a.exe.opcode,Cobalt Group
Cobalt Group_Cobalt Strike_3d828a2a6ad0973e5105c9a4ed9bc62e31ad50f7a15c846075d782a87080e347.exe.opcode,Cobalt Group
GALLIUM_PlugX_6226e542b8659466c2f5d21d1cd79643659475a96113d6603a3004ad719e1282.exe.opcode,GALLIUM
APT33_NanoCore_26321ed18abb4d44668e157dcb9a123debe3b7477d95055d20e5f5d997bf60d7.exe.opcode,APT33
Blue Mockingbird_FRP_26a6bd047ac89a2cb4402e59d94504b548c53208d94250bdd04dc6363008c24e.exe.opcode,Blue Mockingbird
GALLIUM_PlugX_3085f49368890da710a0daaa829f27ab202d6e2f28c147edc8b662f602e8559d.exe.opcode,GALLIUM
GALLIUM_cmd_3174e8d8ef60806faa8b1e19a54ad0d89912ad75bbe63af481c5007af6fe1ea0.exe.opcode,GALLIUM
APT33_NETWIRE_66612afe35db1f65371ffe8063c667ef486376d0939fd563422707714b6d6a96.exe.opcode,APT33
Cobalt Group_Mimikatz_cacc818c54776b78e4616c93a7248e246334ae0e935f599bd338317b2140cba5.exe.opcode,Cobalt Group
Cobalt Group_Cobalt Strike_91bd127fe5f8e96e424dc509a6910edde262142eeadd6ba9f316cb5bde12221e.exe.opcode,Cobalt Group
Cobalt Group_Mimikatz_0a1b1ccd17d08357dcba5be69e2864e61ba06608f352486948d7c3455ac3c8ff.exe.opcode,Cobalt Group
APT33_NanoCore_6f3d9c1d62a29f4a030a0d2bded9600599d301784f5f0b6edfc96fc3b2b404fb.exe.opcode,APT33
APT41_PlugX_2a32461fbc01cd92b31681074f6fafa586245622657edd047ba756f536877676.exe.opcode,APT41
GALLIUM_PlugX_462acf8ef3e72046376b8dd5ee18526d68e2112c7781548ebccaeeb92c439c3d.exe.opcode,GALLIUM
APT33_NanoCore_84dbca2e531d9204bc920e15f1764606113509ba358c1fea1df10ef8cf457351.exe.opcode,APT33
FIN7_REvil_6295da1218817aaac71447d83d2221d251724dd33751d94581e3f10e76da1280.exe.opcode,FIN7
GALLIUM_PlugX_0f202c7495f96d70a51116eb01adbb2ff00db8a16ad5dfcd7d3bb344ff92d0b2.exe.opcode,GALLIUM
GALLIUM_PlugX_5859d6ba78da813e835683cefe43529053407e00de9a43d0dad35bce26e65b9f.exe.opcode,GALLIUM
FIN7_REvil_5219bdf17e6cf7552c564701ac7b2ceb46ee165840d9cf22c1291fa43ca4d56f.exe.opcode,FIN7
GALLIUM_PlugX_a23f495cbf371b01c4d115a324d7345ae1a4ca6b8e81e31289a7faf368920c2a.exe.opcode,GALLIUM
Cobalt Group_Cobalt Strike_9f8c457038dec8b3ce15996b078008bd5ec3d817b969da6bce8c6902a513d225.exe.opcode,Cobalt Group
Sandworm Team_Empire_4a23326def54ca250c558925ef891ad92ecd9a1a6870ea85760f8b97fe28613f.exe.opcode,Sandworm Team
GALLIUM_PlugX_5905379833965eba96297c517c8e8045c1182a9b08041dcbc4ac536e7da88fdc.exe.opcode,GALLIUM
FIN7_REvil_2df2fab33c1db5b049284a6bd5aa1f58bec4cb370b0663870b6a57ef33b5028c.exe.opcode,FIN7
DEEP PANDA_Sakula_32f82fc72003ea760425630e2c6a998f5c89d85e8a4adff669c24da0ef15ef42.exe.opcode,DEEP PANDA
Cobalt Group_Mimikatz_5409122ed4854435632036bd0ff599fe1b3c623ab7dbf53926bd9a70f1b67888.exe.opcode,Cobalt Group
Cobalt Group_Cobalt Strike_3673316cdd61b1c7c5c9ef5a36137ccd52a1cc3586d6fd1c7853997133e49cc9.exe.opcode,Cobalt Group
APT33_NanoCore_87df6e5a5e0a50b6d49e15500f70588476991ef2ce6b6a745ab5164314a34fcf.exe.opcode,APT33
APT1_Mimikatz_374ae90a613bd61ae357f2ad0a0c61250787d1b2134f5b3dad7946ded5785f54.exe.opcode,APT1
FIN7_Carbanak_48d208b87b29d50bb160f336c94b681e232b0f90e8c02175e593d60737369c13.exe.opcode,FIN7
GALLIUM_PlugX_5e478c9b4c76d59e7891b34b7bea93c312d08ced42fe841747c81146e15742f4.exe.opcode,GALLIUM
APT33_NETWIRE_467ef57122a909dadc6824af7c479e429cbd53428edece7472eec5993c2568d6.exe.opcode,APT33
APT33_NETWIRE_55230c307898ecf9cde4abe61d12f60188fe68572440e28948dbf8e9b40ee905.exe.opcode,APT33
GALLIUM_PlugX_66a21f652dac624abaffc2c36ed72ade9ac8310cc19bad8757c806c7102b18d7.exe.opcode,GALLIUM
APT33_NanoCore_9dacb1dfc8347248dffc1a1bfcbf07060bc5fa5700f24558487083c4e3001029.exe.opcode,APT33
Patchwork_QuasarRAT_8d7559b7b2641f0eddca0905f3ebd59dbe93ebf5d44603227480fbcbe69ed82c.exe.opcode,Patchwork
Cobalt Group_Mimikatz_86f3b511e1488811dd8d92b4b6085eefc88a2b10d89dcfb6c298244b5f9ff3ac.exe.opcode,Cobalt Group
GALLIUM_PlugX_0d6d9fb3ea0cb7e9e4bc2dce102c186fc34bdc8c6f267163ea69e894539610a9.exe.opcode,GALLIUM
APT33_NETWIRE_d1c250fd723d26b790ca019cad1cb159a6e95c0add5e57094e33252b53f04da6.exe.opcode,APT33
Cobalt Group_Cobalt Strike_be3602e288cc89c2d376a2e09e20e8347fc20d3f682fffb843adc8b7c8168488.exe.opcode,Cobalt Group
GALLIUM_cmd_2a7d77404a47a368e29147ecd69687338c3e0ebefb137d459b28ed0305420620.exe.opcode,GALLIUM
GALLIUM_PlugX_86663ed3917884ee71bcce9048b9348e69f35fee5227ab017b20694e43f37435.exe.opcode,GALLIUM
APT33_NanoCore_19692cac2951c941e251f500f458a5b14d064784539924479ea4b2ec8c2de0f0.exe.opcode,APT33
Evilnum_EVILNUM_8109e1b1ea98b06d4e7eb7753b6a17ed3670c959859e543fbeace72f96bbc1fd.exe.opcode,Evilnum
FIN7_Carbanak_5ddea1187e48e56a27f1878198a899c68a4a690105eb8bc5d687a698a94d64d3.exe.opcode,FIN7
GALLIUM_PlugX_6de45d12ecbb43adb995681c0fa32fef9aeeebc3b645105ce9d0d94a9781fdc8.exe.opcode,GALLIUM
APT33_NETWIRE_58e6a469f1ace9ec112de054209783ad6dd469a0794f20a998a0dcdf02a4834e.exe.opcode,APT33
Patchwork_QuasarRAT_314e9bbe1e43938595f774fe97f4926c9f169493f9ea6f5a5f2b31d7f636cacd.exe.opcode,Patchwork
Cobalt Group_Cobalt Strike_4a4df0cb728e38d11db439ab2e987eb5ce07d56a3c803ab9fd3f60f4a258cd27.exe.opcode,Cobalt Group
GALLIUM_PlugX_20f5859a18475f5aec138c2e3bc352c94bab1e94549b67b005a743eea496788a.exe.opcode,GALLIUM
GALLIUM_PlugX_292757d5daba9ee1484f92b115f5850467cbdedc4e82a0e09ec27c66f7509015.exe.opcode,GALLIUM
Cobalt Group_Cobalt Strike_66ed0de08ae8ac234622b3fc58f006939f123272d856cdabc7ca4bfad6c0aed6.exe.opcode,Cobalt Group
APT33_NETWIRE_7f26ea3cb1e19751ee9ca317c3b13d44f3877ede7e162e16172c2eced25f21d7.exe.opcode,APT33
APT33_NETWIRE_1801a874e23097185c396dfcc625bebae49577d65a9177332b8f791810054b4e.exe.opcode,APT33
APT33_NETWIRE_5d3cd35b14139a2a6e67171db87a035c3da9aba952969197e41fa78abdf7ff4e.exe.opcode,APT33
Patchwork_QuasarRAT_5bda0fc048c68899988ae1d18bffe618d76edc0e02abcf3289018ac1038ff420.exe.opcode,Patchwork
Patchwork_QuasarRAT_1787fd4fd81dca24ca10625e93d43168eea906184da17183ba53a306856c0f28.exe.opcode,Patchwork
GALLIUM_PlugX_89463e2313ad294a2fe4fb8836cbe5a8d29a2c32cf8c48e01dba9928313c668d.exe.opcode,GALLIUM
GALLIUM_PlugX_75ad7745e2b81cb5ffc6d1e267b6c06f56f260452edf09ef4d6fd3ecad584e66.exe.opcode,GALLIUM
GALLIUM_cmd_1431c42a2cc66b53980d35ba44137b2b070f771cd24668bc4c99aa8a6187a310.exe.opcode,GALLIUM
FIN7_REvil_8005fd566349d5bde690c1f32e67dc3fbd9e195c63bf10ef05d51cfe040335f1.exe.opcode,FIN7
GALLIUM_PlugX_4e823b18c3ad3d266b5fd114bf8fa9300adcd20b03c936046fa859737e54fa8c.exe.opcode,GALLIUM
FIN7_REvil_02a526d298e49da19220022a71e31434183e520c2845c6f3eb23169602f0ed63.exe.opcode,FIN7
Evilnum_EVILNUM_38189e64fbba24355aa564b8acb3a11edf0eaff77c74b4a5acfe845286a9bef2.exe.opcode,Evilnum
Cobalt Group_Mimikatz_417c70e912ee8b64ae8ace9044c5ce86f5679b38dc87cb6934c7fdb11d4b0632.exe.opcode,Cobalt Group
APT33_NanoCore_8476500f6ecba15ee6e50f37c34bf2ccdd4790b42d0a44737d2626dcaa0e2449.exe.opcode,APT33
Patchwork_QuasarRAT_4c7a86733a4ac849eec1b49179f64b81ed852c47be714d91c3b00d64b79e1399.exe.opcode,Patchwork
Cobalt Group_Cobalt Strike_0e85d0a9fcf30f823c43e697f99cf61743ef1d29228e160f19005e343f2a5b50.exe.opcode,Cobalt Group
FIN7_REvil_7e70460a2e395485fe6328a58e09400fc7963afeb29fdadb924c340e758b267c.exe.opcode,FIN7
Cobalt Group_Mimikatz_b9ab7e0a5ab8bb14b0846f66df2991688b3fc08aaec97f18475b10ef739849e2.exe.opcode,Cobalt Group
FIN7_REvil_52612bceee07152f2e2e6699b3c085149e11979f34fe248bda14e03a0d950e85.exe.opcode,FIN7
GALLIUM_PlugX_3ad3c14bb6ff9c9ae95805203ec4077de8907d3344b4f365ffce305bc54b2b8a.exe.opcode,GALLIUM
Cobalt Group_Cobalt Strike_36dadd6c2fd3733c5a24bf74e439aac09b6b9dc79213fe34387015c6cf95afa2.exe.opcode,Cobalt Group
GALLIUM_PlugX_0d55fc79b3f38313e82d5d8971a5c51d503713789e917dfe3200a31e0aec505f.exe.opcode,GALLIUM
APT33_NanoCore_8bdde20f5655fa32fc546f3b4e66b3b2a2872c0e55a73c377245808ffd218829.exe.opcode,APT33
Cobalt Group_Cobalt Strike_43b40bc237533877099a977b4cb9c5dfff31c3cc802e8aa2a76136e2f498659d.exe.opcode,Cobalt Group
GALLIUM_PlugX_4955722d1de68e7fdf2a8e1a8412bb8f439d1110caee98b20a74b733343f0826.exe.opcode,GALLIUM
GALLIUM_Reg_052d58d87f4914a45f175c58c5c81dccc1347729e12ead2d07da2a8979f3ae76.exe.opcode,GALLIUM
APT33_NanoCore_03f869fc2438617cbd973ac052b07fdef9b3f5d67e0df12a2e43307b6c477db0.exe.opcode,APT33
GALLIUM_PlugX_3d9e01fa9c58c2eea39c8e2c0c9a70e2fb253a346ecc9763b1d2d1c8e35e607a.exe.opcode,GALLIUM
GALLIUM_PlugX_09e42bf56300c16c1eb172e6d357f401af1ec2ca18b94ecaa8068f2d5cdad6cd.exe.opcode,GALLIUM
Cobalt Group_Cobalt Strike_22a2f3d36e364fd7153731b015432e7ec172aa3522643f468caf91b1165ac9cf.exe.opcode,Cobalt Group
Cobalt Group_Cobalt Strike_477333406ba842c4cf236b677094f5052a942ec61614ffb30f8dcdb3c82f0663.exe.opcode,Cobalt Group
APT33_NETWIRE_0223813f145061b2f72575be4d6dfa4888d41e7c5dd5d64fc577de9cf4b340b2.exe.opcode,APT33
FIN7_REvil_75175009b6864cf3a0147051272ccf63d8fac7f7a521e32f9d3c69a7acd4866d.exe.opcode,FIN7
GALLIUM_PlugX_4094db927542c7b1d4a770d30231fcc34687a47058821001f4a46808692fcdba.exe.opcode,GALLIUM
APT33_NETWIRE_5c3db7a9aefc84e986c525b61473a8a9cca36afa979935fb66cb34f32f7d204e.exe.opcode,APT33
Cobalt Group_Cobalt Strike_1e9e313fbfbcb2c391c8bb8732790396ece81587944ffd829b3fc1d7733b39cc.exe.opcode,Cobalt Group
Cobalt Group_Mimikatz_768fe2181e2f8595d84ccd19ea882ebb6632482ee4ad4954637289a278d27a85.exe.opcode,Cobalt Group
GALLIUM_PlugX_478d5ccdb10c5bea12315b04cb298dcc82a216ad40fd960dc9b0ba784ee9353f.exe.opcode,GALLIUM
FIN7_REvil_8c716101e118ac65d7bdb900e0100d012256abb1d7cdf64830e5943a795ccce2.exe.opcode,FIN7
Cobalt Group_Mimikatz_1ea8a5f2df236371911746419fdeff66a2c0a05775f6903edc601bef18fe653a.exe.opcode,Cobalt Group
Cobalt Group_Cobalt Strike_49bf8246643079a1ec3362f85d277ce13b3f78d8886c87ee8f5a76442290adde.exe.opcode,Cobalt Group
GALLIUM_cmd_2b283db613aa7ef78340c488baaf98ee0cf7f0c262ed665df097a639517ea881.exe.opcode,GALLIUM
GALLIUM_PlugX_6f20be5c9663578ccced298ad3f626ba7854905004f231e3139fc167e015677d.exe.opcode,GALLIUM
Cobalt Group_Mimikatz_23a243a1ce474c4da90b1003ffcbaf9a3ff25e0787844bfe74c21671fdd8b269.exe.opcode,Cobalt Group
Cobalt Group_Cobalt Strike_9a740e6e52b5a2658ff50059f7147412d2586f6fc17598fde31d73948e65c479.exe.opcode,Cobalt Group
GALLIUM_PlugX_36c4cd8079f0c74deb843287430e98cdf99e2c6ad47d8dcbedc1d28856bdeacd.exe.opcode,GALLIUM
FIN7_Maze_3885589a3c94d0475a6d994e4644e682f4cff93f8b4d65f37508ffe706861363.exe.opcode,FIN7
Patchwork_QuasarRAT_8a54d056aeda3294b96434794bfc06246f4d88585773b0da3fdd1aebdae80da4.exe.opcode,Patchwork
GALLIUM_PlugX_3d1c4bee07dad19384d68bf12702fd81b4c530af2d074a2c440d575e1c309272.exe.opcode,GALLIUM
GALLIUM_PlugX_0e6ed1d026b27c902ab5de23a2cdf609131a3f57c2253f9035d523fe72885f73.exe.opcode,GALLIUM
FIN7_REvil_93c4b144a4ef5e9ebcb5de425f6151fb6fd892d1042b21e639ab6c358cad3940.exe.opcode,FIN7
GALLIUM_cmd_72b9c8fe3406ab6ec58f0d844ae7ad17f0c1a94e0a3ad164cd14bf302873ef00.exe.opcode,GALLIUM
Cobalt Group_Cobalt Strike_cf44b31d09f912c0e7c51099fdf24afd962f36cc03ccf4a1e797dcd8186d9616.exe.opcode,Cobalt Group
GALLIUM_PlugX_6460e0d242bf0c7bdbafcc9269d182266b3e223a5a738e5961613a6e645438cd.exe.opcode,GALLIUM
Patchwork_QuasarRAT_8996eea27038c155ff56b2e92be7890b9563a4f16f3429eefebca9185f0c96bb.exe.opcode,Patchwork
GALLIUM_PlugX_7f3907de1799f491cf11b50cc155741623ab1c796c1128288a710d05f6d54e43.exe.opcode,GALLIUM
GALLIUM_PlugX_8071d15e5f9c1e57a9fa246f7731e76f017083fee4af80f4175e0b79dcf19a09.exe.opcode,GALLIUM
Cobalt Group_Cobalt Strike_5d897ac5c7c3fb20d6b3f34dbfd01fd10121ff446beb9166bcbbad5cf2818f64.exe.opcode,Cobalt Group
Cobalt Group_Cobalt Strike_9b4013e7e8decdbe58db125765084aaaff774701c363ffbbd4f8dd24eda4fc3c.exe.opcode,Cobalt Group
APT33_NanoCore_1805439355f48464312b4f9c0e16301c5f211c204e197c2000e7342c8db95c00.exe.opcode,APT33
Cobalt Group_Cobalt Strike_65fa4b4c8ba39ca1e2e853cf6bccf1737cc350e362d9ff7bb04dc0dae75a103f.exe.opcode,Cobalt Group
FIN7_REvil_bc81f86bdc1b3a0a3229b88981c62ccdc754f90d0760405991896ad2f21a7c2a.exe.opcode,FIN7
APT33_NanoCore_3af587731a4050cb520beeb1b67fd2d0654db2edf3968945419218b85461b568.exe.opcode,APT33
GALLIUM_PlugX_394123a1ee6b78180fef424552503467654c2b4bbbca9b0c5a997139c6e1c45f.exe.opcode,GALLIUM
GALLIUM_PlugX_08604724f21ca4cc9f5238985dda2355587f35662683a3d89ce24d72da659c7f.exe.opcode,GALLIUM
APT33_NETWIRE_85e8c923778743576884ef91502873590a7d6ae7675c526fbad2418091685bc0.exe.opcode,APT33
APT33_NETWIRE_9bf329e7953beea80c3dbb8e26886f42b54b46e2f79af7f86ed14b8d9b63be33.exe.opcode,APT33
Patchwork_BADNEWS_038da443e2ffc69b0c3d6bba7eab229166d1340ff07754fd51019d74a89b0c0b.exe.opcode,Patchwork
Cobalt Group_Cobalt Strike_2738a5551efd8282120f471d8717d174d356cdf5ce74441b9941df3fe8f28e37.exe.opcode,Cobalt Group
GALLIUM_PlugX_111e86a977324d4e3953df62d1aeaddeb3664cb491d1d28d00d9563af4091d66.exe.opcode,GALLIUM
APT33_NETWIRE_99e8dfa23cef1d5d67c765df3de3bc6e750a2d8fa4628a9442d08fc40aaaa656.exe.opcode,APT33
GALLIUM_PlugX_2da31a31c84705464eabb00514e66ba3d776259e31efd2da69c4cdc2d2330ff3.exe.opcode,GALLIUM
APT33_NanoCore_1b5a9c840d8932be77aa43135038742007e1e1ca5d9b8954966ddedb703a0ee4.exe.opcode,APT33
GALLIUM_PlugX_63ba8a0db6bea71ce9b037059ec39abc36c7dffa9447512a382777859110bc1f.exe.opcode,GALLIUM
GALLIUM_PlugX_30ce82266d37c3255874031623e19f6e3f9ce76c1f15daaa3dcda09d06ed0289.exe.opcode,GALLIUM
Cobalt Group_Cobalt Strike_8c62eef0fb5bb1503794665455326c6c54413a0ca984002565b4ce0b25cf34c4.exe.opcode,Cobalt Group
GALLIUM_PlugX_0297921a4ce264375779490796eb811240a06dea5e98f0157469422963e7e614.exe.opcode,GALLIUM
GALLIUM_PlugX_0f2a4d3c07d95fcbecc111fa3b88b66572aa3581ffb35e53269d5e38c279e6e2.exe.opcode,GALLIUM
GALLIUM_PlugX_02b45b1f533cdaee54699dd1d664536c3b00ed2114f9dfeb9cb46bb2252559a9.exe.opcode,GALLIUM
GALLIUM_PlugX_45d89ec308ca69ab82df464b7166f53aed8be43f3702c65a711bcf72bb72974f.exe.opcode,GALLIUM
APT1_Mimikatz_5409122ed4854435632036bd0ff599fe1b3c623ab7dbf53926bd9a70f1b67888.exe.opcode,APT1
Cobalt Group_Mimikatz_05b5a1a5354201eb02051a8555a63d82e98766798f5739111c454103ca2599bb.exe.opcode,Cobalt Group
GALLIUM_PlugX_514c3b61fdfbc786dfc08459717e5443b687a31820b4ee9eecc46a0806d0e112.exe.opcode,GALLIUM
GALLIUM_at_130f6204c8e9e36e4279706e34f4d93401fb759790b702ad063cfbdc8f50c49e.exe.opcode,GALLIUM
Cobalt Group_Mimikatz_8c761b391c1df9bed3a50c21f81b15ccc27b60fd5bb9e25a4bd61788ee5608c0.exe.opcode,Cobalt Group
GALLIUM_PlugX_09b83bc91ce35ae5467f065f6c278f5ccd4958ea4dee930240cf9491fde79696.exe.opcode,GALLIUM
APT33_NanoCore_3a5134cc11c7c47b7268e7bf6bf1556c5ff5044af54b7931cae652bfd8d83717.exe.opcode,APT33
GALLIUM_PlugX_792eba5ba91a52bfb3b369107f38fb9a7e7b7987cd870f465338eae59e81f3f6.exe.opcode,GALLIUM
APT39_Cadelspy_27eb42279a3b74ee6cbd0f150035a45a7ae0e7b94b02483379ddf4932d3feaa6.exe.opcode,APT39
Cobalt Group_Mimikatz_03cf1ab083083cb0b7bc90d18f9f8e3f78504f288daece26bfc0ec96aadd2947.exe.opcode,Cobalt Group
BRONZE BUTLER_cmd_4df8ed5e7b1c5dfe367b89b30645ea500581291013faaf500a4de47c329ab8fa.exe.opcode,BRONZE BUTLER
Cobalt Group_Cobalt Strike_3feacf7e618e12e650f1d9caf9bd73f2f05090bb3535f63774367468b493d04f.exe.opcode,Cobalt Group
Turla_Mosquito_18ad4dec5532659777f19e53b70af0f532db9285b476f5b717122088fdabd335.exe.opcode,Turla
APT33_NanoCore_91dc640360851a1e69261fe72d9fa570a73e6d9465c8ebf971dbe840493b890d.exe.opcode,APT33
Cobalt Group_Cobalt Strike_0fe2b214bc5a51f2ce2561024244f1dde0090b19f89f93a78f18981ae26601b8.exe.opcode,Cobalt Group
GALLIUM_cmd_1ee9a8d3cde839b4bf0b42162e6118eed4e1f6421f91665b50e6ba03fa278480.exe.opcode,GALLIUM
GALLIUM_PlugX_2887940559ca105063543f699f2fbb24a4052b861c4c569e4948090f31137639.exe.opcode,GALLIUM
FIN7_REvil_d10b2371ee70189abe37e8f0779ce3ecca51fd896cdda991289dfe14eaae1a76.exe.opcode,FIN7
GALLIUM_PlugX_8df2949d77aff0ef84af7c2a892602e05d3518d85b87fa5ed56493199efd2143.exe.opcode,GALLIUM
GALLIUM_PlugX_719e08e55d028e8c7afa297d165865a5edcb41468de2ebf62c676bc2d920559e.exe.opcode,GALLIUM
GALLIUM_cmd_b96850cee9d8aa809a8309e59494684dabb15283f681f6f3d45fd8d8b805e219.exe.opcode,GALLIUM
GALLIUM_PlugX_620960e4fda2f27f6f1e822918f1ace6765da0f0103a96ea588bed4d14b80a2f.exe.opcode,GALLIUM
GALLIUM_PlugX_19c62b25649b88f934ccf618a8ce6a49eb5439ccf5559dbccbf494a793a7ba77.exe.opcode,GALLIUM
GALLIUM_PlugX_50d0ffe48ffe81deac8f9cb852a33083791ac4423bff52ad87386295038b6aac.exe.opcode,GALLIUM
GALLIUM_PlugX_336d9f380898ff8175474c85be717f8357cbeeee8230ccce3fc03a29ffc7c0d7.exe.opcode,GALLIUM
APT33_NETWIRE_376510f81da04b06b0ea217c5cf45b7798459f50a7162dc09737faaefd8a4232.exe.opcode,APT33
APT33_NETWIRE_d15f99dbd30bae6e896c52a810fbcba080ae3ba76f3fc0d9a7761c5736ec7c81.exe.opcode,APT33
GALLIUM_PlugX_621c7d0f7b5f8b5688c0e9a61eca12cccca0839c406c6d1599dbbfcd7957e97e.exe.opcode,GALLIUM
Evilnum_EVILNUM_14fddd8b0874d470e5ad32dc6c986144cfd2a5d954c2a8a8e6012c6f1734a8b3.exe.opcode,Evilnum
GALLIUM_PlugX_b8fc748d3298cebec0dde77e5c0d0d5c28dde0dc06a25c9c3a45ad5bb23b447f.exe.opcode,GALLIUM
GALLIUM_PlugX_9b1b7d2bf05c068b67bfa27a03504dc9e4945af0af05b4423b8d03976338f78c.exe.opcode,GALLIUM
APT41_PlugX_0f2a4d3c07d95fcbecc111fa3b88b66572aa3581ffb35e53269d5e38c279e6e2.exe.opcode,APT41
APT39_Cadelspy_b8e246f58d9094e7f4545bd608f143956de3b27960a1496e3753cdd6676c681b.exe.opcode,APT39
Patchwork_QuasarRAT_3cc847687e60acda504fc35577f36eedd0bca559a4de915d6dd88db9178567d4.exe.opcode,Patchwork
Patchwork_QuasarRAT_92a61acb5fd10680e88164bc308dc8c64195245c443a7ecc862e77bb2f21586b.exe.opcode,Patchwork
FIN7_Maze_4263eacd358d5ef9efacff1f63ff79487639136c0268938755a4bfe3f5797167.exe.opcode,FIN7
APT33_NETWIRE_29e6bb429ee855961a950274a54098093d63e341fa48128e3ace90a7dd9a0868.exe.opcode,APT33
Cobalt Group_Cobalt Strike_15f10df4cbe41600513bfe4b1d2bd1acb15e7fa226bce2d5fe8675787019de52.exe.opcode,Cobalt Group
GALLIUM_PlugX_0d552cb35cff7a606dda3a0f8dfbad90f308c1e968e00065fc2ae71942da3da0.exe.opcode,GALLIUM
Cobalt Group_Cobalt Strike_9f6ae95b5540d0d6c60e942fa68dee44b2781c58da3f21321f18b8384ab41084.exe.opcode,Cobalt Group
APT33_NETWIRE_9d2977e8e247515a58c1a05c3111a05ed3832c9f01e5df39c1ff5717531f421d.exe.opcode,APT33
Cobalt Group_Mimikatz_1c08b44445c3b3298b4b3db102e3d5a7b90ed44025d97c037078af7f59684688.exe.opcode,Cobalt Group
Patchwork_QuasarRAT_3864d360423959f1c229abd6db2a8b94c197910296c20661c4736102a388112f.exe.opcode,Patchwork
GALLIUM_PlugX_6f2f01b462249dfd9d173458bf0c7654ee44ccb85d80b87b05527ff78aa453cf.exe.opcode,GALLIUM
GALLIUM_PlugX_105412f31ccad1e2a86ef295fad82ac9b0c9faa89adcf96b331282776f163bc9.exe.opcode,GALLIUM
Cobalt Group_Cobalt Strike_0d342522ce682b1c2bd832519b3fc0dc04c0f50862327f33ed8f38d7cb6a7b62.exe.opcode,Cobalt Group
GALLIUM_PlugX_1a2d69aacba27fb207022bf3487e24683998679f06e7b02d588f12534c605673.exe.opcode,GALLIUM
GALLIUM_PlugX_31c8909296f60c72317b20969321eabf4acf344aa6e9306cd206e91f2d1a8641.exe.opcode,GALLIUM
GALLIUM_PlugX_1a908a99a31996ad9ed1714286b4c6f7e63ae98af636f869232187a372421bf5.exe.opcode,GALLIUM
Cobalt Group_Mimikatz_605fabdc49f1c50f48d967bcbffd7553a1afe58af4607aee5300fdec83ccdcb7.exe.opcode,Cobalt Group
GALLIUM_PlugX_7362590eec1693d6ead5f274aa546f276bcc6939962f195eb997fcd57f02be02.exe.opcode,GALLIUM
GALLIUM_PlugX_7075d08fe609350e2f76ca0e16e35a9621ecb3b75955f6f296026cd3eed49a80.exe.opcode,GALLIUM
Cobalt Group_Cobalt Strike_55eb3a38362b44d13ae622cc81df37d1d7089c15f6608fd46543df395569e816.exe.opcode,Cobalt Group
Patchwork_QuasarRAT_48f11a020991c4c5990a1431ef576a7c5e3f502da65fd12a834ad0108310fa79.exe.opcode,Patchwork
GALLIUM_PlugX_72fdb75fe448ec6f593243a836164433c273fac6d20e0ec5302f69366b233735.exe.opcode,GALLIUM
Cobalt Group_Cobalt Strike_0aef8be8714bc432271c19a977917e536589afcc82e81dd637611927dc9ed3f2.exe.opcode,Cobalt Group
GALLIUM_PlugX_657399edf8a3bf3de375003e5a7b86d54c5c9548a3cd0bbac9a7fe4cafb3fef0.exe.opcode,GALLIUM
Cobalt Group_Mimikatz_640ea5a2c4ea4a2d1a5018f446c0b722407e21f2ec5b81ce2986c037e3f11a09.exe.opcode,Cobalt Group
APT33_NETWIRE_44676f7732f4e6adfe2ba94d8e7dbaf4f6bf9d46f81118081f0f3a64f3fcb133.exe.opcode,APT33
Patchwork_QuasarRAT_1dff2a45e9861cdcb8741dd196123e32e2b9004b950ee21b9bacc9f99be14fdc.exe.opcode,Patchwork
GALLIUM_PlugX_602f4705a1c15f4fc13c1a0067f8c8a9f10d6a8433e2f48f16db07f69891dae2.exe.opcode,GALLIUM
APT33_NETWIRE_7a0c3008b65ed5033cc3663e9104ed7b39707c2a073ef3626549e0acd64f15f2.exe.opcode,APT33
GALLIUM_cmd_4df8ed5e7b1c5dfe367b89b30645ea500581291013faaf500a4de47c329ab8fa.exe.opcode,GALLIUM
FIN7_REvil_133bf8be0cf7003b83b03579970997d408a930e58ec2726715140520900c06de.exe.opcode,FIN7
GALLIUM_PlugX_2a32461fbc01cd92b31681074f6fafa586245622657edd047ba756f536877676.exe.opcode,GALLIUM
Cobalt Group_Cobalt Strike_58738ab8350cece1f75e80d84152ca26433578c75add6e2f355d2aa8491ea7dc.exe.opcode,Cobalt Group
GALLIUM_PlugX_98ec32fa3a5e069d226d27b9fedca3f07c4765f34abfb5d6aa1e021fc787c1b6.exe.opcode,GALLIUM
Blue Mockingbird_FRP_09adb2a2fdc833ab8523e430d6bc1c07248d74fff96780a63dc2f13eb9587b54.exe.opcode,Blue Mockingbird
Cobalt Group_Mimikatz_1bd4eeb7f7ae8a4ca1fb2fcf673cbb810ca123d6672a1d6d10ed317688ffcfac.exe.opcode,Cobalt Group
Cobalt Group_Cobalt Strike_0c5a9adc708894bd7cd320de94f63bd51febff7e8a7f57de59e2fcbadaba34af.exe.opcode,Cobalt Group
GALLIUM_PlugX_4e2b11611bcb9e4fe04519ee879da0ee721c6a3ec0cfa65e2a1758d69bdd2557.exe.opcode,GALLIUM
GALLIUM_PlugX_9ab96db5e5fbbc4c32869f98e667b8c52bce676a4b6c1ddb07f8f735911271ac.exe.opcode,GALLIUM
Cobalt Group_Mimikatz_7847b9a12505379a454cb4c1fdd6513cbf351782697fef94beb5f32b1ddf401c.exe.opcode,Cobalt Group
FIN7_Carbanak_16d2e5a617f5ab0170c869dbfe68087d21d4e6923d60e0ea58cc6cabe353da0c.exe.opcode,FIN7
Evilnum_EVILNUM_7a1f126caa7226f2afffb5063b395d288a794823b61f8611003a49e45036d000.exe.opcode,Evilnum
GALLIUM_PlugX_4a6fe450cf810c9746b75a9538c67fc26e06feca080f365926812a2be60d0ffb.exe.opcode,GALLIUM
Patchwork_QuasarRAT_273c917fc8fddcb94de25686720df1ea12f948dfbebffa56314b6565123ae678.exe.opcode,Patchwork
FIN7_REvil_3ba4483c761a05e590671f54a39032630f82820177bbe7fcee9c445f6d5fd6db.exe.opcode,FIN7
APT33_NETWIRE_35a2e0e9daf4aaa64a5e8057eb6114c95bb4326763f768e09dbf25b57b387766.exe.opcode,APT33
Cobalt Group_Cobalt Strike_26b2f12906c3590c8272b80358867944fd86b9f2cc21ee6f76f023db812e5bb1.exe.opcode,Cobalt Group
GALLIUM_PlugX_1ac9128ce2bcd394e234b8ead94071d7eb0f8c194b517c37a6a657444c54d3a7.exe.opcode,GALLIUM
FIN7_REvil_602375762d88d24ae659c47d25959e52ed5cea1d227609ec486bd42d551ca009.exe.opcode,FIN7
APT33_NanoCore_4a842606d80e5bc30a9817fc11877889b24e3daccc2ba7ea0711d5c259e70226.exe.opcode,APT33
Cobalt Group_Mimikatz_504f18d7167c4ddea35f3a1514e0e1a504a246e776e45531d37a2a4accd14009.exe.opcode,Cobalt Group
FIN7_REvil_bfbe9826927232ab355f0dc6343175dec5244026bdead1ca7033f4ba62d9a65c.exe.opcode,FIN7
FIN7_REvil_15e3b8471e4afea6e07423d88c141e9ae454c27fa901fe320f0885298426abec.exe.opcode,FIN7
Cobalt Group_Cobalt Strike_2865f6df88e53b4491c8be02bdbecf70951f0732b782e02e19d7e12d0c78c0fa.exe.opcode,Cobalt Group
Patchwork_QuasarRAT_7b652915c4539bf3c40a0700ca93c63e5fb1e56fdf0eb89567f7f0a8fb081aeb.exe.opcode,Patchwork
APT33_NanoCore_535a76b11d8e55c1b67db48a5e19521233c2a877f83b65fb6e7edca3257e4a55.exe.opcode,APT33
GALLIUM_cmd_39d176c59fce7adab56191645e64f1092a405db9c2c85dc9fe78d419d70f5b6c.exe.opcode,GALLIUM
Cobalt Group_Mimikatz_1c4d52717bfd4ec045a8fd37e819f92f695c962968d026c5172685c7b4cbba3d.exe.opcode,Cobalt Group
GALLIUM_cmd_1a0353868f82c688e13b205719e1cdde7a05c018662d364ea05df8038534aebc.exe.opcode,GALLIUM
FIN7_REvil_2d73ce9f8e11bbbce1bec1147bf30ef60a6d362504fbf650b3c8a0ea6f7c4fbb.exe.opcode,FIN7
Patchwork_QuasarRAT_129dbf173e38d9d37f8c66513290a30bc0790e9fdcdb5c9043a399ee6c889493.exe.opcode,Patchwork
Cobalt Group_Cobalt Strike_57a395267a680f4909efd096007d6ec86254502ae1c33a70733f0ccef85c4791.exe.opcode,Cobalt Group
GALLIUM_PlugX_6feeea94219e2b7ffd3837d784201bf28ffd7bc83706401bf656550485d899cc.exe.opcode,GALLIUM
Cobalt Group_Cobalt Strike_4f30db298f99fc45d153f6568529228c98e1ad173249c1f76424977bd0b373c2.exe.opcode,Cobalt Group
GALLIUM_cmd_cf7d7a9e27fea63bc43c0fdffe46ec4851d7d0d1ca86cfbc0935161a32b2e08c.exe.opcode,GALLIUM
GALLIUM_PlugX_31f1851d9415c64d5b723643db465a66f9f5082e93a7551bf88abe8d1880b41b.exe.opcode,GALLIUM
APT33_NETWIRE_20a7088411ad98c4dd710ec1913d464e374b28d4873c26a0dcc2910e486b9323.exe.opcode,APT33
FIN7_REvil_9b11711efed24b3c6723521a7d7eb4a52e4914db7420e278aa36e727459d59dd.exe.opcode,FIN7
Cobalt Group_Cobalt Strike_021aca2090f8f02fa7230d629aadc0b6e943149cbe8ceb14e66c4d4b84468dae.exe.opcode,Cobalt Group
GALLIUM_PlugX_4d6b26f7e62fa03f3dcdf0fb543e782d83f4a400787694450a81e51126c59f5a.exe.opcode,GALLIUM
GALLIUM_PlugX_71ebcfb47fd820c81a3abf206d8b5c93d869a8edf7059dcc8307d4f08904e7ec.exe.opcode,GALLIUM
Cobalt Group_Cobalt Strike_8c4a848f027f0bbee806767f2003e199577b785c192e0d7d8363248f8f482f6a.exe.opcode,Cobalt Group
Turla_Mosquito_116a8afa3dda63c3afa0099a1f8cb07cefc4baf05f7e241d2f4d15be3ec45dac.exe.opcode,Turla
FIN7_REvil_429b96b0c9a715d0d7735ed12cec95b5183cd398f7291546478cb7ac12451df6.exe.opcode,FIN7
Cobalt Group_Cobalt Strike_2d9d0e2df5182d2a9cdb04d5e97b141ff843f74a316f8485200f9a4fa5105c77.exe.opcode,Cobalt Group
Cobalt Group_Mimikatz_8e0c84a80f1cd11e57242efa730c4e163beabb4b096b66ab4081ec2c700a0421.exe.opcode,Cobalt Group
Cobalt Group_Mimikatz_2d948976f2523ace7a4f1f395eb3c62141acbb2523cf34de8e9dbd8f5c5e81f4.exe.opcode,Cobalt Group
Cobalt Group_Mimikatz_86e69b16379a3aa41a658af413ea71364341da11e2f7d724dcefeac6eaa504ec.exe.opcode,Cobalt Group
Cobalt Group_Cobalt Strike_4bddadadc987456a9cfa5e66d5cab2d84daae9431005ef7277df16e98433e50d.exe.opcode,Cobalt Group
Cobalt Group_Cobalt Strike_2210845f0274e605766418df2a9f81c15d8e1f383e445a5b01a385fbfecc9fa3.exe.opcode,Cobalt Group
GALLIUM_PlugX_0bc29e6dedc7f227b30c5e5e70227b636fc225ce2eeba33f71dff7b94d22243c.exe.opcode,GALLIUM
APT33_NanoCore_710ff75d5a2cbf5c03f0d614b6be6f7a74c32be8108427648445ea1acd8a3cdf.exe.opcode,APT33
GALLIUM_PlugX_0954ed7cfa55c9896ef61f2784b3af27d1b17e8d13bec9c59b804fca209c3917.exe.opcode,GALLIUM
Cobalt Group_Cobalt Strike_40ab463703114d972269c34abeecf0f796c88c20cceaaf0e582ed0a132e556fa.exe.opcode,Cobalt Group
Cobalt Group_Cobalt Strike_668d364424755476b21ddfdc148e79d93263223b73df335e48a8e0f204c5b851.exe.opcode,Cobalt Group
GALLIUM_PlugX_487c60558a39a6ac22d91cef6c64e97350277f968f7e123a01522c01e434f562.exe.opcode,GALLIUM
Cobalt Group_Mimikatz_240c056fa0a024742d65a67a8f494658837dded48bf892f6209750b1265bdf7c.exe.opcode,Cobalt Group
GALLIUM_PlugX_1d1367c6ff2cb2fb23d0ebfaa4aa7ff6cf372752b8a37da565ff4b1f6a9e1c08.exe.opcode,GALLIUM
Cobalt Group_Mimikatz_995d25d3a387daf92b91f1f14e815284cf98c43fbebfbad7893f332c8b327494.exe.opcode,Cobalt Group
FIN7_REvil_9c7a33d57688c7a82516a378cf014acadf68e39d0b13063f75c108dc2a40587d.exe.opcode,FIN7
Patchwork_BADNEWS_d07adf2032c1274ef810aa9146e0407dbe76335b2121c6f98667f67a90f63ce3.exe.opcode,Patchwork
Cobalt Group_Mimikatz_8c8f59d71eb9a0c17dfb1b541ca3b337202f1c8dd288256159417a4cb739d217.exe.opcode,Cobalt Group
Cobalt Group_Cobalt Strike_781d0d748c28efa7f9120dd199be4f0587cc02699b340e36ee439957bf6ac61e.exe.opcode,Cobalt Group
APT33_NanoCore_74b5c4b71fb6634b2db9c8501147f6511a376d39dacdfd862d5cd41bf2a7cb08.exe.opcode,APT33
GALLIUM_PlugX_07f17e0af622f2e4a65b43ab35c7fa02ae7eb90a55a7900cfa61a25e07cd2989.exe.opcode,GALLIUM
APT33_NanoCore_48e087544d3e050da9c8e86b2f18636ad1ef475d158f4d0c1eb09b7fdaa21dcc.exe.opcode,APT33
APT33_NanoCore_62ce4e89f91a70f82f5a61bf76c4ab592982f761eef609bd7ea7b196f9415e83.exe.opcode,APT33
Patchwork_QuasarRAT_7300535ef26158bdb916366b717390fc36eb570473ed7805c18b101367c68af5.exe.opcode,Patchwork
APT33_NanoCore_49b88f74282203ff9472be70da1695613b5516d0531c3e7a424f9de8cdb19a0d.exe.opcode,APT33
Patchwork_QuasarRAT_3de40ead93a0a5496ece6e2654e98a6bcc8726ed49140fa1617e7826c2677d2c.exe.opcode,Patchwork
GALLIUM_cmd_0c35aa6b6d20fcf5548bf0c482b8201629b078fbf8a01ce58eb3d15f233a5d5c.exe.opcode,GALLIUM
Cobalt Group_Cobalt Strike_5462b422de6d759e45cc0269d564acbf0805c4441aba38bd28133c98d1187888.exe.opcode,Cobalt Group
GALLIUM_PlugX_4e8666aa3ac1b26a829bc18118713a37dbc9a47d1efa491d4a7800134607aee9.exe.opcode,GALLIUM
APT33_NanoCore_79f7fa86d8dba1349208fa8c36663deb9d6c91a2be54b43d2fc6b7cb78039023.exe.opcode,APT33
Evilnum_EVILNUM_607d9fed723eb145c7248a9d532075310957640ae24b4e9b2229367284b068e2.exe.opcode,Evilnum
GALLIUM_PlugX_26708ad7e8f9bcbbd00c2d75212654831bd4968f4d3b24b38233ebafdd9d6283.exe.opcode,GALLIUM
Patchwork_QuasarRAT_9d06018f57d680e259aad12814c93f666142e34571e24ddca23984bfd3e6846d.exe.opcode,Patchwork
Cobalt Group_Cobalt Strike_1517bc193907277efcad2c87efa98d1882f3b95ef35d580e224724bfcb4a2241.exe.opcode,Cobalt Group
GALLIUM_PlugX_8074d5eb27297c5e59d02d9b403adc78f6e7aaced7e0f8c82464121f43729434.exe.opcode,GALLIUM
GALLIUM_cmd_776faf7782df5bb33de7480c6279fa94b9199bf9ee8f81c0c7a65db1e7818a51.exe.opcode,GALLIUM
APT33_NanoCore_193603013f2f758ab29a89cfdff8777e5ed1a6340b359b7a823c426535662896.exe.opcode,APT33
Evilnum_EVILNUM_7775e63aeb7f42c2112118d39e3c87d0d9618b2e83173719e9d5c2049899269e.exe.opcode,Evilnum
APT33_NanoCore_8c276db9d256a4ec6df10a663fa13ad291832b41fdf915aec25bc4fb31174520.exe.opcode,APT33
Cobalt Group_Mimikatz_374ae90a613bd61ae357f2ad0a0c61250787d1b2134f5b3dad7946ded5785f54.exe.opcode,Cobalt Group
Cobalt Group_Cobalt Strike_1c9bf9bddbcd6dc5ebc8583a19c3a0a598532a6e01c4a0193c3a8c3b7f327647.exe.opcode,Cobalt Group
Cobalt Group_Cobalt Strike_07415dcd1ed9dbc095abe74f5f5e59b3022ad796c08c40b180c05ff5e129b9d2.exe.opcode,Cobalt Group
APT33_NanoCore_1a9dc2fbfe2257278e6452872cdbd18c50bf5c7142dd04c772f1633a7f20fd0d.exe.opcode,APT33
GALLIUM_PlugX_402911708c8cd474dd4525afcda2dd33e40b5b3095e0b9c11ddd4ffe5e8a4592.exe.opcode,GALLIUM
GALLIUM_cmd_8feaaa6013c26ec324a6829ba084ea4c56d7dd1116e4cb11a262d32a7c5b4d40.exe.opcode,GALLIUM
GALLIUM_PlugX_9aff1e12a1b447ca8ab3076f684716a859c906f9b2d0e870d59d0f06fc548d0d.exe.opcode,GALLIUM
GALLIUM_PlugX_77615922b5354013555ad188394f3727354cdc358998b4293a6bef83dafa9551.exe.opcode,GALLIUM
Turla_Mosquito_024304f862f188ab021a23a593d086b1c8c618837c552c39aa939d469b8a8c8a.exe.opcode,Turla
FIN7_REvil_6ed3e4d85b44330f9e8254aec9b0055cbc51438472b366dd653201abf452bb89.exe.opcode,FIN7
Cobalt Group_Cobalt Strike_1f36f866935d5c8e9508dadfadacfc7272508a904cd5f01f2d8f56c1143ed216.exe.opcode,Cobalt Group
Cobalt Group_Mimikatz_27c6a0334d8c8e806e37654e4180151050cd9b2ab70a8c98c2885c2aedfae400.exe.opcode,Cobalt Group
GALLIUM_PlugX_c0d215f71838d6dd2c8008f31f19bac833a5d372c94bed5469c8e6d79c2a222e.exe.opcode,GALLIUM
GALLIUM_cmd_263c4e903d71b3904f1759fd6eaa977a301ecdb3a3ff17ef11744f703a0a37ba.exe.opcode,GALLIUM
Cobalt Group_Cobalt Strike_c86426eeb24a042903b302c21513defb1e61535fc008b7c9e847113ddb798666.exe.opcode,Cobalt Group
Cobalt Group_Mimikatz_c39ba723990f9e09ecd5f43562fe5626060450dd290b85670412f5be85c727a9.exe.opcode,Cobalt Group
APT33_NanoCore_70494a9ed1d509c12c48aa4dc68f06f73bee77a18a625b576dd515e9f4e0d6c3.exe.opcode,APT33
GALLIUM_PlugX_64300422846596b6e64ac3dcdfb83bbe0a3822651209bcf70e4c18a8778815f5.exe.opcode,GALLIUM
Patchwork_QuasarRAT_33aab91831bba3a5fea7f49da16d5506254d66377d3074ff9457af4220be670e.exe.opcode,Patchwork
Cobalt Group_Mimikatz_136b4b5f5e1991aa19b6e0d9f538b5fe5516b2f8dfe2877fc77399709db8d175.exe.opcode,Cobalt Group
GALLIUM_PlugX_7d28bf3cd874f1575b93ac6d044796ee505e3aa519f7b5ac54ddf33abb3e2e46.exe.opcode,GALLIUM
Cobalt Group_Cobalt Strike_9efe830686c8849fdd7bb62ebce4ff3659788c6b48b636040443009c02fd0d71.exe.opcode,Cobalt Group
APT33_NETWIRE_1a2c28a7682c26ddb97885fc056dc72b2c2df437c5fa3031226e34775095df06.exe.opcode,APT33
Cobalt Group_Cobalt Strike_41709eb98255b6ee2efae2d378f6af37baf6880b1c295d774d8277d4fb4ab356.exe.opcode,Cobalt Group
GALLIUM_PlugX_73f304d6dee411606f86741e1b892c6f9c1e4033e3a1650ad60140ddd081e3e4.exe.opcode,GALLIUM
APT33_NETWIRE_108425e103be235bce0ade8198ea187093aa9dcb8186a87a6aafb2f434772779.exe.opcode,APT33
Cobalt Group_Cobalt Strike_520db0cc6b1c86d163dff2797dcbc5f78b968313bedea85f7530830c87e0287f.exe.opcode,Cobalt Group
Patchwork_QuasarRAT_15893230cadb8c8fba530903bc2a7e5cb4da78c00d40ea9473963455978c0f95.exe.opcode,Patchwork
Cobalt Group_Mimikatz_42b237cb3f9b1182a2ddd9a967543e17c5b89b706b8318414217d59b62e123ee.exe.opcode,Cobalt Group
GALLIUM_PlugX_2467ea24d0e0f5b6dbc8259a2de2755045426e69ca43a60bbd0b65f6cd284b42.exe.opcode,GALLIUM
Cobalt Group_Cobalt Strike_0ceaf7d3a3b4e5d449ab2f60503b3ad2033ed7c136fa8f860548167abe8c9879.exe.opcode,Cobalt Group
FIN7_REvil_329983dc2a23bd951b24780947cb9a6ae3fb80d5ef546e8538dfd9459b176483.exe.opcode,FIN7
APT33_NanoCore_005c64147fc04f24b4df3c60be59a4bbfb22066323d269cf10151f25b9a6209a.exe.opcode,APT33
APT33_NanoCore_a0a4a86c7a612d31e6470cbe01693ccc6190d4aef4cda0735360cc95194708b2.exe.opcode,APT33
Cobalt Group_Cobalt Strike_531c3ed73ae00747f7bcb790e442981b3d677998abcf7067be1bdd4c6b4c9e53.exe.opcode,Cobalt Group
APT33_NanoCore_57cf5bd7898d781534ee364e34449af06a9e263b91a4a468aa26098b829942a5.exe.opcode,APT33
Cobalt Group_Mimikatz_c0d82b38ed8596f0d48492cbe4120888476db451bf0b7b8a119f7480dd386fcd.exe.opcode,Cobalt Group
GALLIUM_PlugX_1769d0064403fe5bd4a2b5007d97b52a53e646880ea757a8682bd6987072a728.exe.opcode,GALLIUM
APT33_NETWIRE_3a6a8344c456313ab52c214caf2c86beae755e1f4c822699647b243e3d0bced5.exe.opcode,APT33
GALLIUM_PlugX_3f5d1d167fa4883fffe10e7ca87bb9f5b6ea8d0c181274ca041b3daf72a11787.exe.opcode,GALLIUM
Cobalt Group_Mimikatz_5d6231c525666c6204815f4d1447bbad850bed0450c313bdf5a47612271fa539.exe.opcode,Cobalt Group
FIN7_REvil_12d8bfa1aeb557c146b98f069f3456cc8392863a2f4ad938722cd7ca1a773b39.exe.opcode,FIN7
GALLIUM_PlugX_a2a0ce67c239385c1ec1d5d29ff91a7daf91cf2b4368dc91d84dbb598becdc5d.exe.opcode,GALLIUM
GALLIUM_PlugX_1fe2100a333ac951c7008679fa64982e038b7f76d9a46219576b92165d89d71b.exe.opcode,GALLIUM
Patchwork_QuasarRAT_1ec8c408399a662ff7cdd60cbc8c241559cc4e7b159ffa63ac9751d96dbb8c16.exe.opcode,Patchwork
Patchwork_QuasarRAT_874dc85b74f8ee6a116d38453078905ee487949425e97a42de9b258dd6b8bbf5.exe.opcode,Patchwork
GALLIUM_PlugX_cf31d9a8ee94445fb7469dc991b165731b6dc24aa8282333172fb7bbca5848ee.exe.opcode,GALLIUM
GALLIUM_cmd_4fbe77777093608a25b248db192e96bb062da46835e2739c07922c39cfbb0d57.exe.opcode,GALLIUM
GALLIUM_PlugX_618610565d0c5d505f9b051dcf2c72b973d60000a5982cb9b3ae87f65a4dd916.exe.opcode,GALLIUM
FIN7_REvil_66060484cccedb839fb646d4e6020e079319374b2847c52dcec55c5ad60b1beb.exe.opcode,FIN7
Turla_HyperStack_27c42ec84c4f69e6ac63580e8dae70d87190e60974c71b04b6471a78d7956d0a.exe.opcode,Turla
GALLIUM_PlugX_5614bd0a2e2c2ca4194e99e2f848535fa9a16157bd78cae268cf2b3eda6e54c2.exe.opcode,GALLIUM
APT33_NanoCore_0f1d6aab547ceca6e71ac2e5a54afdaea597318fe7b6ca337f5b92fdff596168.exe.opcode,APT33
Evilnum_EVILNUM_24d2f070a8fc0d34c5fbb73551f901e6b0cf8083f7b89c888899fbed6dd869b6.exe.opcode,Evilnum
Cobalt Group_Cobalt Strike_13ee29eb99a17a3d479fea26dce5af938577ed18192aa20958a4c04d9e4c4d15.exe.opcode,Cobalt Group
GALLIUM_PlugX_2a0bfcd23428fed96a4899938db16494f82eaebe82158c2b6356ff39edf215a5.exe.opcode,GALLIUM
Blue Mockingbird_FRP_23a9ac4d0fc2907baa96e9b6d5041b3145a945f1b690cbd447c03aa6e3f45860.exe.opcode,Blue Mockingbird
Cobalt Group_Cobalt Strike_12c98ce7a4c92244ae122acc5d50745ee3d2de3e02d9b1b8a7e53a7b142f652f.exe.opcode,Cobalt Group
Patchwork_QuasarRAT_666f0c305b0a6cc558192918bc144c3119d898c33656101395140d93e9e10e69.exe.opcode,Patchwork
Blue Mockingbird_FRP_4a8afa27b5e1178da47bd19ebd66123a93b06cc5c7010bdfd6ebab054f3a33c9.exe.opcode,Blue Mockingbird
GALLIUM_cmd_a24aa12f9d336072fe3f80f015efa68f874e7222274bf5c7abdda26ec227e481.exe.opcode,GALLIUM
GALLIUM_PlugX_08e97fb67479665d1cfbd35c978e4ee6750bceaa3ba05e333cd9a8595c211c48.exe.opcode,GALLIUM
GALLIUM_PlugX_4277800cb7a5807b50fdf7822927fa6588aab0498b75140214071e81b6df3767.exe.opcode,GALLIUM
Cobalt Group_Cobalt Strike_40de003f06747b9138ab65b639f168d8bd69ba2cf93202a197095d2c13cdf4db.exe.opcode,Cobalt Group
GALLIUM_PlugX_66159a8663cf9422ceab0ae032a5e3856e0d51af62d87f80dd5e8b8287bc9685.exe.opcode,GALLIUM
Cobalt Group_Mimikatz_c3b1e2b8a95508b33e4a5fdf7275082a2f2578ccbfd16eca42c30c34837e579d.exe.opcode,Cobalt Group
FIN7_REvil_81b452c5cfc9b054231b73c412e06335770965ec8ec92a309df18c1909233a70.exe.opcode,FIN7
Cobalt Group_Mimikatz_7904072314fdac63da52138a8a6267d4780f2d95ae5d8f9866bf83f6d8e89925.exe.opcode,Cobalt Group
GALLIUM_PlugX_104e96e2f9e4d4b721256a20a8539c634dd37bf3f169517bb64daf9ec0a3c3c0.exe.opcode,GALLIUM
